id,first_name,last_name,email,country
1,Feliza,Eusden,feusden0@ameblo.jp,France
7,Rakel,Ingliby,ringliby6@ft.com,United States
8,Derk,Mattielli,dmattielli7@slideshare.net,United States
9,Karrah,Boshard,kboshard8@ihg.com,France
15,Monique,Bernardo,mbernardoe@scientificamerican.com,United States
17,Demetri,Bridgwater,dbridgwaterg@youku.com,United States
18,Richard,Drinan,rdrinanh@odnoklassniki.ru,United Kingdom
19,Benjie,Stuttman,bstuttmani@cpanel.net,United States
36,Daniel,Buckthorp,dbuckthorpz@tmall.com,Netherlands
61,George,Barczewski,gbarczewski1o@bbc.co.uk,United States
62,Boyd,Barham,bbarham1p@wisc.edu,Netherlands
108,Rhianna,Partkya,rpartkya2z@cdc.gov,Netherlands
109,Marnia,Dory,mdory30@uiuc.edu,Netherlands
110,Rhody,Swindle,rswindle31@tmall.com,Netherlands
