id,btc_a,cc_t,cc_n
1,1wjtPamAZeGhRnZfhBAHHHjNvnHefd2V2,visa-electron,4175006996999270
7,1J71SRGqUjhqPuHaZaG8wEtKdNRaKUiuzm,switch,491193585665108260
8,1Q5FAwgXbhRxP1uYpgwXMY67zFzUDkwutW,mastercard,5100174550682620
9,1QKy8RoeWR48nrwknBDZKfmetv1SGoAHX4,diners-club-carte-blanche,30343863921001
10,1NRDQBCtuDqm8QomrbSUyh2tGDRqoj3DU8,diners-club-carte-blanche,30559612937267
15,1GnNjsnbBTw6w9WHnZ8apuxZZcqkhycT9a,jcb,3558941392668773
17,14reD6Z1kUjg8QC5Yaz199gYyXbm4QdFTo,jcb,3563252716889142
18,1ErM8yuF3ytzzxLy1uPvQuRveLBygxN15x,china-unionpay,56022230876188334
19,1FeH4KecDLZYXEcAut4Dj4ciojsBEB1pDb,mastercard,5100176279014886
36,15X53Z9B9jUNrvFpbr7D554uSc5RL7Pnkg,diners-club-international,36423633151016
61,1MjmJTrK94VxvShRMdSH6zg54uBz4ZZvkn,jcb,3560725728936376
62,16qpYVt6YAAx4JYjzbA8SwTUHoTyB4twRF,jcb,3588039617015492
108,1RcsodKknm8thkCL6F4Vcmo7f4A7r6ydj,maestro,060456196938060083
109,1HxV2jkyM3PXbsH4qGsVX3hwcAb4SMi4AD,jcb,3545361854853944
110,15cRJ4mzZd4Vgd33xbVjEtYw9c6f1WfGkC,china-unionpay,560225515023967200
